{"name":"f11aa2d8-f9b5-4da8-ac89-1f1a04ab92af","id":"/providers/Microsoft.Flow/flows/f11aa2d8-f9b5-4da8-ac89-1f1a04ab92af","type":"Microsoft.Flow/flows","properties":{"apiId":"/providers/Microsoft.PowerApps/apis/shared_logicflows","displayName":"Send approval and follow up via email","definition":{"metadata":{"workflowEntityId":null,"processAdvisorMetadata":null,"flowclientsuspensionreason":"None","flowclientsuspensiontime":null,"creator":{"id":"c45ae16e-d504-4fef-925d-0366bb87bdb5","type":"User","tenantId":"461fd7ef-0eb3-4420-b044-310dc2914d64"},"provisioningMethod":"FromDefinition","failureAlertSubscription":true,"clientLastModifiedTime":"2022-06-10T00:56:34.8865795Z","flowclientsuspensionreasondetails":null},"$schema":"https://schema.management.azure.com/providers/Microsoft.Logic/schemas/2016-06-01/workflowdefinition.json#","contentVersion":"1.0.0.0","parameters":{"$connections":{"defaultValue":{},"type":"Object"},"$authentication":{"defaultValue":{},"type":"SecureObject"}},"triggers":{"manual":{"metadata":{"operationMetadataId":"b248c9e9-90b7-4b0e-aae6-1e37acd2c16c"},"type":"Request","kind":"PowerApp","inputs":{"schema":{"type":"object","properties":{"ApproverToEmail":{"type":"string","format":"email","description":"Specify email addresses to send the approval email to separated by semicolons like someone@contoso.com","x-ms-powerflows-param-ispartial":false},"ResultFollowUpToEmail":{"type":"string","format":"email","description":"Specify email addresses to inform about the result of the approval separated by semicolons like someone@contoso.com","x-ms-powerflows-param-ispartial":false}},"required":["ApproverToEmail","ResultFollowUpToEmail"]}}}},"actions":{"Start_an_approval":{"runAfter":{},"metadata":{"operationMetadataId":"1e3e37ff-2eb9-4d99-8ff0-bc99f50fa5c4"},"type":"OpenApiConnectionWebhook","inputs":{"host":{"apiId":"/providers/Microsoft.PowerApps/apis/shared_approvals","connectionName":"shared_approvals","operationId":"approvalSubscribeV2"},"parameters":{"approvalType":"Basic","ApprovalCreationInput/title":"Approval Request","ApprovalCreationInput/assignedTo":"@{triggerBody()['ApproverToEmail']};"},"authentication":{"value":"@json(decodeBase64(triggerOutputs().headers['X-MS-APIM-Tokens']))['$ConnectionKey']","type":"Raw"}}},"Condition":{"actions":{"Send_approval_email":{"runAfter":{},"metadata":{"operationMetadataId":"d58fb4aa-df04-47fe-8c7d-50985cb0537b"},"type":"OpenApiConnection","inputs":{"host":{"apiId":"/providers/Microsoft.PowerApps/apis/shared_office365","connectionName":"shared_office365","operationId":"SendEmailV2"},"parameters":{"emailMessage/To":"@{triggerBody()['ResultFollowUpToEmail']};","emailMessage/Subject":"Your request has been approved","emailMessage/Body":"Your approval request has been approved by @{outputs('Start_an_approval')?['body/responder/displayName']}.\nComments (if any): @{outputs('Start_an_approval')?['body/comments']}"},"authentication":{"value":"@json(decodeBase64(triggerOutputs().headers['X-MS-APIM-Tokens']))['$ConnectionKey']","type":"Raw"}}}},"runAfter":{"Start_an_approval":["Succeeded"]},"else":{"actions":{"Send_rejection_email":{"runAfter":{},"metadata":{"operationMetadataId":"85489219-9934-46c9-9d6d-c04015b24cb1"},"type":"OpenApiConnection","inputs":{"host":{"apiId":"/providers/Microsoft.PowerApps/apis/shared_office365","connectionName":"shared_office365","operationId":"SendEmailV2"},"parameters":{"emailMessage/To":"@{triggerBody()['ResultFollowUpToEmail']};","emailMessage/Subject":"Your request has been rejected","emailMessage/Body":"Your approval request has been rejected by @{outputs('Start_an_approval')?['body/responder/displayName']}.\nComments (if any): @{outputs('Start_an_approval')?['body/comments']}"},"authentication":{"value":"@json(decodeBase64(triggerOutputs().headers['X-MS-APIM-Tokens']))['$ConnectionKey']","type":"Raw"}}}}},"expression":{"equals":["@outputs('Start_an_approval')?['body/response']","Approve"]},"metadata":{"operationMetadataId":"b0afba72-e67f-4e4d-aecd-4b746d1369ae"},"type":"If"}},"description":"Request an approval when a button or link in Power Apps is selected. Approvers can view their approval requests in the Approvals Center and over email. Once the approver responds an approval or rejection email will be sent to a recipient as a follow up."},"connectionReferences":{"shared_approvals":{"connectionName":"shared-approvals-2f5eb3a8-629a-4512-bd30-f67a095d9b25","source":"Invoker","id":"/providers/Microsoft.PowerApps/apis/shared_approvals","tier":"NotSpecified"},"shared_office365":{"connectionName":"63d8437bb7c94812ae397cf9071083a9","source":"Invoker","id":"/providers/Microsoft.PowerApps/apis/shared_office365","tier":"NotSpecified"}},"flowFailureAlertSubscribed":false,"isManaged":false}}