{"schemaVersion":"1.0","appDefinitionTemplate":{"id":"/providers/Microsoft.PowerApps/apps/","type":"Microsoft.PowerApps/apps","tags":{"primaryDeviceWidth":"1366","primaryDeviceHeight":"768","sienaVersion":"20221114T141705Z-3.22104.22.0","deviceCapabilities":"","supportsPortrait":"true","supportsLandscape":"true","primaryFormFactor":"Tablet","publisherVersion":"3.22104.22","minimumRequiredApiVersion":"2.2.0","hasComponent":"false","hasUnlockedComponent":"false","isUnifiedRootApp":"false"},"properties":{"appVersion":"2022-11-14T14:17:05Z","lifeCycleId":"Published","createdByClientVersion":{"major":3,"minor":22104,"build":22,"revision":0,"majorRevision":0,"minorRevision":0},"minClientVersion":{"major":3,"minor":22104,"build":22,"revision":0,"majorRevision":0,"minorRevision":0},"backgroundColor":"rgba(21, 10, 64, 1)","backgroundImageUri":"/5507705728010069710/N632d96a3-865b-4e06-bf7a-d5f897dab6cd-logoSmallFile","displayName":"LPP & MANUTENÇÃO 2","description":"Aplicativo para operador e manutenção resolver pendencias do LPP.","commitMessage":"","appUris":{"documentUri":{"value":"/5507705728010069710/Ncc574ca1-35a5-45dc-9d20-8f402486b68f-document.msapp"},"imageUris":[],"additionalUris":[]},"createdTime":"0001-01-01T00:00:00Z","lastModifiedTime":"0001-01-01T00:00:00Z","sharedGroupsCount":0,"sharedUsersCount":0,"icons":{"smallIconUri":"/5507705728010069710/Nf8a5b280-48b9-4507-b196-3d881557db30-small.png","mediumIconUri":"/5507705728010069710/Nb4316c3a-33fe-4211-850b-b276b6c76504-medium.png","largeIconUri":"/5507705728010069710/Nc1960424-ecac-4962-af83-6654aa458d13-large.png","wideIconUri":"/5507705728010069710/N0ca0590d-659e-41a9-95e6-2fe4212be409-wide.png"},"connectionReferences":{"7fb9f018-1824-461b-bb96-a3b10d3eb128":{"id":"077f850a-27c1-4ead-8b3d-7e0bffb707bb","displayName":"SharePoint","iconUri":"https://connectoricons-prod.azureedge.net/releases/v1.0.1610-greyhound-localization-RelayFix/1.0.1610.3091/sharepointonline/icon.png","dataSources":["Lista Manutenção - Operador"],"dependencies":[],"dependents":[],"parameterHints":{},"parameterHintsV2":{},"isOnPremiseConnection":false,"bypassConsent":false,"dataSets":{"https://gerdaucld.sharepoint.com/lpp":{"dataSources":{"Lista Manutenção - Operador":{"tableName":"2c01c77d-b3f9-4db5-9317-8c7f5fdbfec4"}}}},"apiTier":"Standard","isCustomApiConnection":false,"actions":["providers/PowerPlatform.Governance/Operations/Read","providers/PowerPlatform.Governance/Operations/Write"]},"857ca031-1256-4a4a-a9c5-7e107d225805":{"id":"2d677ce1-f54c-4ec8-b0e4-b267969c10ae","displayName":"Usuários do Office 365","iconUri":"https://connectoricons-prod.azureedge.net/releases/v1.0.1593/1.0.1593.2980/office365users/icon.png","dataSources":["Office365Users"],"dependencies":[],"dependents":[],"parameterHints":{},"parameterHintsV2":{},"isOnPremiseConnection":false,"bypassConsent":false,"dataSets":{},"apiTier":"Standard","isCustomApiConnection":false},"32f9e620-2d02-4eab-9044-5ab2234e86c6":{"id":"d37d080f-37e7-49ce-8dc7-d16c40307651","displayName":"Fluxos lógicos","iconUri":"https://connectoricons-prod.azureedge.net/releases/v1.0.1534/1.0.1534.2605/logicflows/icon.png","dataSources":["Sendapprovalandfollowupviaemail"],"dependencies":["3cd7ba2c-8a4b-4d33-b57f-1ba65399dd36","e1766b1d-4ab0-4d19-8821-267dea578e14"],"dependents":[],"parameterHints":{"workflowName":{"value":"72b8c2b2-3035-410f-9e65-c427c6671df5"},"workflowEntityId":{},"3cd7ba2c-8a4b-4d33-b57f-1ba65399dd36":{"value":"shared_approvals"},"e1766b1d-4ab0-4d19-8821-267dea578e14":{"value":"shared_office365"}},"parameterHintsV2":{"workflowName":{"value":"72b8c2b2-3035-410f-9e65-c427c6671df5"},"workflowEntityId":{},"shared_approvals":{"value":"3cd7ba2c-8a4b-4d33-b57f-1ba65399dd36"},"shared_office365":{"value":"e1766b1d-4ab0-4d19-8821-267dea578e14"}},"isOnPremiseConnection":false,"bypassConsent":false,"dataSets":{},"apiTier":"Standard","isCustomApiConnection":false,"nestedActions":[{"id":"/providers/Microsoft.PowerApps/apis/shared_office365/apiOperations/SendEmailV2","apiName":"Office 365 Outlook","actionName":"SendEmailV2","referencedResources":[]}]},"3cd7ba2c-8a4b-4d33-b57f-1ba65399dd36":{"id":"0fa9d010-1390-4e82-8427-733fe03e0205","displayName":"Aprovações","iconUri":"https://connectoricons-prod.azureedge.net/releases/v1.0.1599/1.0.1599.3017/approvals/icon.png","dataSources":[],"dependencies":[],"dependents":["32f9e620-2d02-4eab-9044-5ab2234e86c6"],"parameterHints":{},"parameterHintsV2":{},"isOnPremiseConnection":false,"bypassConsent":false,"dataSets":{},"apiTier":"Standard","isCustomApiConnection":false},"e1766b1d-4ab0-4d19-8821-267dea578e14":{"id":"c8470ef4-b9e6-42bf-a9bd-dac2d4def5d1","displayName":"Office 365 Outlook","iconUri":"https://connectoricons-prod.azureedge.net/releases/v1.0.1599/1.0.1599.3017/office365/icon.png","dataSources":[],"dependencies":[],"dependents":["32f9e620-2d02-4eab-9044-5ab2234e86c6"],"parameterHints":{},"parameterHintsV2":{},"isOnPremiseConnection":false,"bypassConsent":false,"dataSets":{},"apiTier":"Standard","isCustomApiConnection":false}},"databaseReferences":{},"almMode":"Environment","performanceOptimizationEnabled":true,"canConsumeAppPass":true,"enableModernRuntimeMode":false,"executionRestrictions":{"isTeamsOnly":false,"dataLossPreventionEvaluationResult":{"status":"Compliant","lastEvaluationDate":"2022-11-14T14:17:48.3906179Z","violations":[],"violationsByPolicy":[],"violationErrorMessage":"O aplicativo usa os seguintes conectores: shared_sharepointonline, shared_office365users, shared_logicflows, shared_approvals, shared_office365."},"httpActionRestriction":{"appUsesSharepointHttpAction":false,"enforcementStrategy":"Legacy","evaluationTime":"2022-11-14T14:17:48.3905428Z"}}},"appType":"ClassicCanvasApp","appComponents":[]}}